time,BAR,GAL
1.000000000000,-0.16231,-0.14945
