time,q,mr
1.0,-0.4506488888879998,0.2205644544077801
