time,BAR,GAL,R20,R21
1.0,0.003467042468146921,0.38409439914371585,0.23449450591914767,0.36211884484977036
