time,BAR,GAL,R20,R21
1.0,-0.16231,-0.14945,-0.0694444444439999,-0.0694444444439999
